Date,Time,Place,Event Type,Accidents Occurred
2025-02-24,18:24,Community Park,Party,0
2025-07-11,12:55,Riverside Grounds,Festival,1
2025-09-12,20:12,Central Plaza,Concert,0
2025-05-18,19:44,Beachside,Festival,0
2025-03-04,21:33,Town Hall,Concert,0
2025-01-28,13:27,Community Park,Exhibition,0
2025-07-21,16:40,Lakeside,Exhibition,0
2025-08-05,10:18,Central Plaza,Festival,0
2025-11-01,11:40,Town Hall,Concert,0
2025-10-09,18:07,Community Park,Concert,0
2025-09-22,19:32,Riverside Grounds,Concert,0
2025-08-29,15:52,Lakeside,Festival,1
2025-12-14,14:23,Community Park,Party,0
2025-02-13,10:37,Beachside,Exhibition,0
2025-07-26,18:58,Central Plaza,Festival,0
2025-01-03,11:18,Town Hall,Party,0
2025-05-24,09:10,Riverside Grounds,Festival,0
2025-09-27,13:36,Community Park,Festival,0
2025-06-14,19:42,Central Plaza,Party,0
2025-11-19,16:55,Community Park,Exhibition,0
2025-04-21,14:31,Riverside Grounds,Exhibition,0
2025-01-19,20:05,Beachside,Festival,0
2025-06-06,11:48,Town Hall,Party,0
2025-03-30,10:14,Lakeside,Concert,0
2025-10-15,18:39,Community Park,Festival,0
2025-05-08,16:11,Central Plaza,Festival,0
2025-08-15,19:28,Riverside Grounds,Exhibition,0
2025-12-05,09:22,Community Park,Concert,0
2025-07-05,13:03,Town Hall,Party,0
2025-11-13,17:15,Beachside,Festival,0
2025-09-02,15:09,Central Plaza,Exhibition,1
2025-01-10,18:47,Community Park,Festival,0
2025-04-03,19:34,Riverside Grounds,Party,0
2025-03-19,11:09,Town Hall,Exhibition,0
2025-05-13,13:44,Lakeside,Festival,0
2025-08-22,12:18,Central Plaza,Festival,0
2025-10-23,14:50,Community Park,Concert,0
2025-06-22,20:27,Riverside Grounds,Party,0
2025-07-15,09:41,Beachside,Exhibition,0
2025-09-17,15:15,Town Hall,Festival,0
2025-12-23,17:59,Central Plaza,Exhibition,0
2025-01-31,13:38,Lakeside,Concert,0
2025-04-12,12:07,Community Park,Concert,0
2025-02-27,18:56,Riverside Grounds,Exhibition,0
2025-10-02,20:11,Beachside,Festival,0
2025-03-25,15:44,Town Hall,Party,0
2025-11-09,14:05,Community Park,Festival,0
2025-06-02,19:49,Lakeside,Festival,0
2025-09-30,16:17,Central Plaza,Party,0
2025-07-08,13:11,Riverside Grounds,Festival,0
2025-01-22,09:54,Town Hall,Exhibition,0
2025-08-09,20:41,Community Park,Party,0
2025-12-10,11:06,Beachside,Concert,0
2025-02-09,12:33,Central Plaza,Festival,0
2025-04-18,14:57,Lakeside,Exhibition,0
2025-05-05,19:39,Town Hall,Concert,0
2025-11-26,20:20,Riverside Grounds,Party,0
2025-09-07,17:02,Community Park,Festival,0
2025-03-14,18:12,Beachside,Exhibition,0
2025-06-27,15:21,Central Plaza,Party,0
2025-10-20,16:34,Lakeside,Festival,0
2025-12-29,12:29,Town Hall,Party,0
2025-07-18,13:54,Community Park,Festival,0
2025-05-30,09:46,Central Plaza,Exhibition,0
2025-11-29,19:22,Beachside,Concert,0
2025-01-14,10:20,Riverside Grounds,Party,0
2025-02-05,14:44,Community Park,Exhibition,0
2025-04-27,20:48,Lakeside,Festival,0
2025-08-19,11:58,Town Hall,Concert,0
2025-09-24,15:32,Central Plaza,Festival,0
2025-10-12,18:25,Community Park,Party,0
2025-06-18,13:19,Beachside,Festival,0
2025-07-29,12:40,Riverside Grounds,Exhibition,0
2025-12-01,09:17,Town Hall,Festival,0
2025-05-01,20:06,Community Park,Concert,0
2025-11-06,17:47,Lakeside,Exhibition,0
2025-03-08,16:55,Central Plaza,Party,0
2025-08-25,18:36,Beachside,Concert,0
2025-02-21,12:11,Town Hall,Festival,0
2025-01-07,10:49,Riverside Grounds,Festival,0
2025-04-09,11:35,Community Park,Party,0
2025-06-11,15:30,Central Plaza,Concert,0
2025-10-27,19:52,Community Park,Exhibition,0
2025-07-02,09:13,Beachside,Concert,0
2025-05-21,13:27,Lakeside,Festival,0
2025-12-19,12:50,Riverside Grounds,Party,0
2025-03-01,18:59,Town Hall,Festival,0
2025-08-12,14:24,Central Plaza,Party,0
2025-02-17,19:42,Community Park,Festival,0
2025-09-19,16:09,Beachside,Festival,0
2025-11-23,20:43,Town Hall,Exhibition,0
2025-01-26,13:58,Lakeside,Party,0
2025-04-15,15:40,Community Park,Concert,0
2025-06-29,19:20,Central Plaza,Festival,0
2025-10-06,09:28,Riverside Grounds,Exhibition,0
2025-07-23,11:14,Community Park,Exhibition,0
2025-05-16,18:22,Beachside,Concert,0
2025-02-01,14:48,Lakeside,Exhibition,0
2025-12-27,17:07,Town Hall,Festival,0
2025-08-01,15:55,Central Plaza,Party,0
2025-03-28,19:13,Community Park,Festival,0
2025-09-09,20:21,Riverside Grounds,Festival,0
2025-11-16,12:27,Community Park,Exhibition,0
2025-01-30,16:37,Beachside,Festival,0
2025-06-09,18:14,Central Plaza,Exhibition,0
2025-07-13,09:22,Town Hall,Party,0
2025-04-06,11:32,Lakeside,Festival,0
2025-10-18,13:05,Community Park,Party,0
2025-05-27,15:47,Riverside Grounds,Exhibition,0
2025-02-19,20:15,Central Plaza,Concert,0
2025-12-07,10:25,Town Hall,Festival,0
2025-08-27,19:37,Community Park,Festival,0
2025-03-23,14:03,Beachside,Party,0
2025-11-21,18:19,Lakeside,Festival,0
2025-07-10,12:51,Community Park,Concert,0
2025-09-14,20:34,Central Plaza,Party,0
2025-01-17,17:55,Town Hall,Exhibition,0
2025-04-25,19:09,Riverside Grounds,Festival,0
2025-06-25,13:16,Community Park,Festival,0
2025-10-29,15:52,Beachside,Exhibition,0
2025-05-10,09:37,Lakeside,Party,0
2025-12-21,11:11,Central Plaza,Festival,0
2025-02-25,18:47,Town Hall,Concert,0
2025-08-17,10:13,Community Park,Exhibition,0
2025-03-11,12:29,Beachside,Festival,0
2025-09-05,20:45,Riverside Grounds,Concert,0
2025-01-12,09:43,Community Park,Festival,0
2025-11-11,16:15,Central Plaza,Party,0
2025-06-04,14:56,Town Hall,Festival,0
2025-07-28,18:39,Beachside,Exhibition,0
2025-04-01,20:27,Community Park,Concert,0
2025-12-03,17:22,Riverside Grounds,Party,0
2025-05-07,15:34,Lakeside,Festival,0
2025-10-31,09:10,Central Plaza,Festival,0
2025-08-07,11:45,Community Park,Party,0
2025-02-11,14:18,Beachside,Exhibition,0
2025-03-06,10:57,Town Hall,Festival,0
2025-09-21,13:23,Community Park,Exhibition,0
2025-11-27,20:33,Central Plaza,Concert,0
2025-01-05,19:40,Riverside Grounds,Party,0
2025-07-31,12:15,Community Park,Exhibition,0
2025-04-23,16:47,Beachside,Concert,0
2025-06-16,09:29,Town Hall,Festival,0
2025-12-31,13:56,Lakeside,Exhibition,0
2025-05-19,18:44,Community Park,Festival,0
2025-08-03,20:39,Central Plaza,Party,0
2025-10-04,15:11,Riverside Grounds,Festival,0
2025-09-25,14:41,Community Park,Exhibition,0
2025-02-23,10:59,Beachside,Concert,0
2025-03-16,11:23,Town Hall,Festival,0
2025-07-06,19:33,Central Plaza,Exhibition,0
2025-11-04,17:39,Community Park,Festival,0
2025-01-20,12:03,Lakeside,Festival,0
2025-12-09,18:55,Town Hall,Exhibition,0
