Date,Time,Place,Event Type,Accidents Occurred
2025-08-21,14:38,Beachside,Festival,0
2025-04-19,19:11,Community Park,Concert,0
2025-02-07,20:51,Town Hall,Festival,0
2025-09-11,17:03,Lakeside,Festival,0
2025-01-08,13:44,Riverside Grounds,Exhibition,0
2025-07-04,10:15,Community Park,Festival,0
2025-05-15,18:56,Central Plaza,Party,0
2025-03-02,12:29,Beachside,Concert,0
2025-11-15,16:05,Town Hall,Festival,0
2025-12-13,09:17,Community Park,Exhibition,0
2025-06-12,11:33,Lakeside,Festival,0
2025-08-31,14:45,Riverside Grounds,Party,0
2025-02-15,18:41,Community Park,Concert,0
2025-09-29,19:37,Central Plaza,Exhibition,0
2025-04-07,13:50,Beachside,Party,0
2025-07-19,17:29,Town Hall,Festival,0
2025-10-14,09:27,Lakeside,Exhibition,0
2025-11-25,20:23,Community Park,Festival,0
2025-03-27,15:32,Central Plaza,Exhibition,0
2025-01-15,18:13,Riverside Grounds,Party,0
2025-05-23,14:01,Community Park,Concert,0
2025-08-23,11:52,Beachside,Festival,0
2025-02-29,16:19,Town Hall,Festival,0
2025-12-17,13:25,Community Park,Exhibition,0
2025-06-08,12:42,Lakeside,Party,0
2025-10-26,09:14,Central Plaza,Festival,0
2025-04-13,20:07,Riverside Grounds,Festival,0
2025-07-27,10:37,Community Park,Concert,0
2025-11-18,18:55,Beachside,Exhibition,0
2025-01-25,15:49,Town Hall,Festival,0
2025-03-21,13:40,Community Park,Exhibition,0
2025-09-01,11:05,Central Plaza,Festival,0
2025-12-25,20:42,Lakeside,Party,0
2025-05-17,19:34,Community Park,Festival,0
2025-08-11,18:02,Riverside Grounds,Exhibition,0
2025-02-03,12:24,Community Park,Concert,0
2025-06-20,15:36,Town Hall,Festival,0
2025-10-24,14:58,Beachside,Party,0
2025-04-29,19:26,Community Park,Festival,0
2025-07-16,09:19,Central Plaza,Concert,0
2025-09-15,16:27,Lakeside,Exhibition,0
2025-01-02,18:14,Community Park,Festival,0
2025-11-07,13:55,Riverside Grounds,Party,0
2025-03-09,17:47,Town Hall,Festival,0
2025-12-11,19:22,Community Park,Festival,0
2025-06-24,20:18,Beachside,Exhibition,0
2025-08-13,10:27,Central Plaza,Party,0
2025-02-12,14:35,Community Park,Concert,0
2025-04-11,11:39,Lakeside,Festival,0
2025-10-10,13:44,Town Hall,Exhibition,0
2025-05-29,18:32,Community Park,Exhibition,0
2025-07-12,20:01,Riverside Grounds,Festival,0
2025-09-23,15:48,Beachside,Festival,0
2025-11-30,12:46,Community Park,Concert,0
2025-01-23,19:37,Central Plaza,Party,0
2025-03-31,16:21,Town Hall,Festival,0
2025-12-15,09:41,Community Park,Festival,0
2025-06-01,14:59,Lakeside,Exhibition,0
2025-08-28,17:53,Riverside Grounds,Party,0
2025-04-05,13:20,Community Park,Exhibition,0
2025-02-20,10:14,Beachside,Concert,0
2025-10-22,20:08,Town Hall,Festival,0
2025-07-25,18:49,Community Park,Festival,0
2025-11-10,12:23,Central Plaza,Exhibition,0
2025-01-13,15:42,Riverside Grounds,Festival,0
2025-03-05,19:11,Lakeside,Concert,0
2025-09-20,16:17,Community Park,Festival,0
2025-12-30,09:18,Beachside,Festival,0
2025-06-19,17:58,Town Hall,Exhibition,0
2025-08-14,11:33,Community Park,Exhibition,0
2025-04-17,18:44,Central Plaza,Festival,0
2025-02-18,13:25,Community Park,Party,0
2025-10-01,20:37,Riverside Grounds,Concert,0
2025-07-14,15:06,Community Park,Festival,0
2025-01-21,18:55,Town Hall,Exhibition,0
2025-11-14,14:42,Beachside,Festival,0
2025-03-12,12:14,Lakeside,Exhibition,0
2025-09-08,16:38,Community Park,Festival,0
2025-12-20,19:40,Central Plaza,Festival,0
2025-06-15,09:31,Riverside Grounds,Festival,0
2025-08-30,17:47,Community Park,Party,0
2025-05-25,13:46,Town Hall,Festival,0
2025-02-22,11:37,Community Park,Exhibition,0
2025-04-22,20:05,Beachside,Party,0
2025-10-08,18:50,Central Plaza,Concert,0
2025-07-01,14:28,Community Park,Festival,0
2025-09-13,12:02,Town Hall,Exhibition,0
2025-01-11,19:18,Riverside Grounds,Festival,0
2025-03-18,16:42,Community Park,Festival,0
2025-12-28,10:55,Lakeside,Exhibition,0
2025-06-30,15:17,Community Park,Concert,0
2025-08-20,09:43,Beachside,Party,0
2025-02-28,18:25,Town Hall,Festival,0
2025-04-02,17:07,Central Plaza,Festival,0
2025-10-11,20:13,Community Park,Festival,0
2025-07-20,11:26,Lakeside,Exhibition,0
2025-11-28,19:38,Community Park,Festival,0
2025-01-18,13:12,Riverside Grounds,Party,0
2025-03-15,14:47,Community Park,Concert,0
2025-09-10,09:25,Beachside,Festival,0
2025-12-06,16:55,Town Hall,Festival,0
2025-06-26,10:32,Community Park,Exhibition,0
2025-08-24,12:15,Central Plaza,Party,0
2025-02-26,19:29,Community Park,Festival,0
2025-04-28,15:54,Riverside Grounds,Exhibition,0
2025-10-05,17:31,Lakeside,Festival,0
2025-07-07,09:40,Community Park,Exhibition,0
2025-01-09,12:22,Town Hall,Festival,0
2025-11-12,18:21,Community Park,Concert,0
2025-03-07,14:58,Beachside,Festival,0
2025-09-03,20:45,Riverside Grounds,Exhibition,0
2025-12-18,19:18,Community Park,Festival,0
2025-06-10,10:48,Lakeside,Exhibition,0
2025-08-02,13:35,Town Hall,Festival,0
2025-04-04,18:11,Community Park,Festival,0
2025-02-16,11:49,Central Plaza,Party,0
2025-10-21,15:53,Community Park,Festival,0
2025-07-17,16:20,Beachside,Exhibition,0
2025-01-24,09:51,Lakeside,Festival,0
2025-11-22,13:32,Community Park,Festival,0
2025-03-24,12:10,Riverside Grounds,Concert,0
2025-09-28,19:41,Community Park,Exhibition,0
2025-12-04,17:02,Town Hall,Party,0
2025-06-05,20:12,Central Plaza,Festival,0
2025-08-10,14:47,Community Park,Festival,0
2025-04-16,19:16,Beachside,Festival,0
2025-02-04,15:24,Community Park,Exhibition,0
2025-10-30,09:39,Town Hall,Concert,0
2025-07-24,11:51,Lakeside,Festival,0
2025-01-29,16:18,Community Park,Festival,0
2025-11-05,10:37,Riverside Grounds,Exhibition,0
2025-03-26,13:14,Community Park,Festival,0
2025-12-08,18:23,Beachside,Exhibition,0
2025-06-03,14:44,Central Plaza,Party,0
2025-08-06,20:01,Community Park,Concert,0
2025-04-20,11:22,Town Hall,Festival,0
2025-02-06,19:36,Community Park,Festival,0
2025-09-06,15:08,Lakeside,Festival,0
2025-12-26,20:45,Community Park,Festival,0
2025-07-09,17:39,Riverside Grounds,Party,0
2025-01-16,12:41,Community Park,Concert,0
2025-11-20,19:57,Beachside,Exhibition,0
2025-03-13,10:34,Town Hall,Festival,0
2025-09-26,16:27,Community Park,Exhibition,0
2025-05-31,13:19,Central Plaza,Festival,0
2025-04-30,12:38,Community Park,Exhibition,0
2025-08-18,18:29,Riverside Grounds,Party,0
2025-02-10,14:03,Community Park,Concert,0
2025-10-07,20:24,Beachside,Festival,0
2025-07-30,10:55,Central Plaza,Festival,0
2025-01-06,18:22,Community Park,Exhibition,0
2025-11-24,15:26,Town Hall,Party,0
2025-03-22,19:44,Community Park,Festival,0
2025-12-22,09:40,Lakeside,Festival,0
2025-06-13,17:05,Community Park,Exhibition,0
2025-08-08,11:21,Central Plaza,Concert,0
2025-04-08,18:52,Community Park,Festival,0
2025-02-08,10:16,Riverside Grounds,Festival,0
2025-10-13,19:31,Community Park,Festival,0
2025-07-11,13:33,Beachside,Exhibition,0
2025-01-27,15:21,Town Hall,Exhibition,0
2025-11-08,20:18,Community Park,Festival,0
2025-03-10,09:52,Lakeside,Festival,0
2025-09-16,17:25,Central Plaza,Party,0
2025-12-02,14:33,Community Park,Festival,0
2025-06-07,11:40,Riverside Grounds,Concert,0
2025-08-16,18:09,Community Park,Festival,0
2025-04-10,13:11,Beachside,Festival,0
2025-02-14,12:26,Town Hall,Festival,0
2025-10-17,09:28,Lakeside,Exhibition,0
2025-07-22,20:33,Community Park,Festival,0
2025-01-04,18:54,Central Plaza,Exhibition,0
2025-11-17,15:15,Community Park,Festival,0
2025-03-17,19:43,Riverside Grounds,Exhibition,0
2025-09-04,16:58,Community Park,Concert,0
2025-12-16,20:36,Beachside,Festival,0
2025-06-23,10:22,Town Hall,Exhibition,0
2025-08-26,13:37,Community Park,Festival,0
2025-04-26,17:49,Lakeside,Concert,0
2025-02-24,11:09,Central Plaza,Festival,0
2025-10-16,14:30,Community Park,Festival,0
2025-07-03,09:12,Riverside Grounds,Party,0
2025-01-01,12:55,Community Park,Festival,0
2025-11-03,18:17,Beachside,Festival,0
2025-03-03,20:19,Town Hall,Festival,0
2025-09-18,19:22,Lakeside,Exhibition,0
2025-12-24,16:03,Community Park,Party,0
2025-06-21,18:42,Central Plaza,Festival,0
2025-08-22,13:09,Community Park,Concert,0
2025-04-14,09:47,Beachside,Festival,0
2025-02-02,15:56,Town Hall,Exhibition,0
2025-10-19,12:28,Community Park,Festival,0
2025-07-08,19:41,Riverside Grounds,Festival,0
2025-01-19,11:37,Community Park,Exhibition,0
