Date,Time,Place,Event Type,Accidents Occurred
2025-05-06,21:00,Community Center,Fireworks Show,5
2025-05-20,18:45,City Plaza,Independence Parade,2
2025-12-21,22:15,City Plaza,Fireworks Show,2
2025-09-13,19:45,Cathedral,Fireworks Show,3
2025-08-03,19:45,Beachside,New Year Countdown,3
2025-03-27,21:00,Main Square,Cultural Dance Night,5
2025-08-29,23:45,Beachside,Independence Parade,5
2025-10-02,21:00,Central Park,New Year Countdown,2
2025-02-04,22:00,Fair Grounds,New Year Countdown,2
2025-03-20,19:30,Beachside,Cultural Dance Night,0
2025-05-06,21:00,Community Center,Fireworks Show,5
2025-05-20,18:45,City Plaza,Independence Parade,2
2025-12-21,22:15,City Plaza,Fireworks Show,2
2025-09-13,19:45,Cathedral,Fireworks Show,3
2025-08-03,19:45,Beachside,New Year Countdown,3
2025-03-27,21:00,Main Square,Cultural Dance Night,5
2025-08-29,23:45,Beachside,Independence Parade,5
2025-10-02,21:00,Central Park,New Year Countdown,2
2025-02-04,22:00,Fair Grounds,New Year Countdown,2
2025-03-20,19:30,Beachside,Cultural Dance Night,0
2025-10-24,16:30,Main Square,Sports Tournament,3
2025-03-13,22:30,Cathedral,Spring Festival,4
2025-01-25,16:00,Beachside,Christmas Eve Mass,3
2025-03-08,18:00,Main Square,Music Concert,4
2025-04-09,23:15,Cathedral,New Year Countdown,4
2025-01-23,23:00,Riverside Grounds,New Year Countdown,2
2025-06-11,23:30,Riverside Grounds,Music Concert,5
2025-10-19,18:30,Sports Arena,Spring Festival,4
2025-03-27,23:00,Central Park,Harvest Festival,3
2025-05-13,16:15,Central Park,Christmas Eve Mass,2
2025-02-11,18:15,Cathedral,Fireworks Show,3
2025-06-08,22:30,Riverside Grounds,New Year Countdown,0
2025-08-18,17:00,Community Center,Harvest Festival,2
2025-12-30,23:15,Sports Arena,Christmas Eve Mass,4
2025-07-02,16:15,Town Hall,Music Concert,1
2025-04-07,18:30,Main Square,Sports Tournament,3
2025-09-21,21:45,Beachside,New Year Countdown,5
2025-11-09,20:00,Central Park,Cultural Dance Night,2
2025-03-17,19:45,Fair Grounds,Independence Parade,0
2025-07-28,16:00,Community Center,Flower Show,1
2025-05-25,21:30,Riverside Grounds,Music Concert,4
2025-12-02,22:45,Cathedral,Spring Festival,2
2025-01-18,18:00,City Plaza,Harvest Festival,1
2025-06-25,17:30,Sports Arena,Fireworks Show,0
2025-08-09,23:00,Beachside,Independence Parade,5
2025-10-16,21:30,Town Hall,New Year Countdown,3
2025-07-14,19:00,Community Center,Sports Tournament,1
2025-03-25,20:15,Main Square,Cultural Dance Night,2
2025-05-02,21:45,Central Park,Music Concert,4
2025-09-07,23:30,Cathedral,New Year Countdown,5
2025-11-11,17:00,City Plaza,Harvest Festival,0
2025-12-24,22:00,Cathedral,Christmas Eve Mass,0
2025-12-31,23:59,City Plaza,New Year Countdown,5
2026-01-14,18:30,Fair Grounds,Harvest Festival,1
2025-08-22,16:45,Sports Arena,Spring Festival,3
2025-02-05,20:30,Town Hall,Fireworks Show,2
2025-04-12,17:45,Community Center,Flower Show,0
2025-06-19,21:00,Riverside Grounds,Music Concert,4
2025-09-29,22:15,Beachside,Fireworks Show,1
2025-11-26,19:30,Main Square,Independence Parade,2




